324888,경복궁,
554528,북한산 국립공원,
553546,명동 쇼핑 거리,
320359,창덕궁,
554537,한국 전쟁 기념관,
325043,국립중앙박물관,
592506,인사동,
2203080,트릭아이뮤지엄 서울,
8842556,롯데월드타워&몰,
3322253,KTX,
2194168,서울메트로,
1519813,한강 공원,
1169465,N 서울 타워,
554582,남산 공원,
324915,명동난타극장,
1046419,청계천,
1235392,조계사,
592486,봉은사,
4094861,하늘공원,
1379963,북촌 한옥마을,
1958940,홍대앞 거리,
1862191,이화여자대학교,
6671988,동대문 디자인 플라자,
12635586,별마당 도서관,
1552278,광장시장,
10794564,러브뮤지엄,
4798711,서울숲,
4798715,여의도 한강공원,
598499,삼성미술관 리움,
12309166,서울스카이,
324887,덕수궁,
1957627,여의도 공원,
592658,올림픽 공원,
609340,명동 성당,
592490,서울 어린이 대공원,
8798065,롯데월드 아쿠아리움,
590748,광화문,
324890,국립 민속 박물관,
1554603,창경궁,
554303,스타필드 코엑스몰,
2008729,잠실 야구 경기장,
592495,코엑스 아쿠아리움,
8737878,그레뱅뮤지엄,
1440196,서대문 형무소 역사관,
10020530,서울빛초롱축제,
1551271,남산골 한옥 마을,
324907,남대문시장,
1958930,한국의 집,
2571660,이태원,
6656879,삼청동길,
1604009,가로수길,
4095685,낙산공원,
2011401,신세계 백화점 본점,
324891,롯데월드,
1549822,인왕산,
1956582,마장 축산물시장,
2094166,서울 역사 박물관,
7717373,서울 한양 도성,
13199013,익선동한옥거리,
554634,종묘,
7264107,고투 몰,
3871936,국립현대미술관 서울관,
10183192,석촌호수,
1836198,국립 고궁 박물관,
7154750,홍대앞 예술시장 프리마켓,
9996891,놀이똥산,
1163226,중부시장,
12459260,서울로7017,
561808,서울 월드컵 경기장 (상암 월드컵 경기장),
4084344,서울 시청,
1675961,선릉과 정릉,
6847900,광화문 광장,
1990451,타임스퀘어,
1962594,롯데백화점 본점,
3901265,서울중앙성원,
502576,삼청각,
554551,63시티,
2341905,동대문 역사 문화 공원,
11918183,스타일난다 핑크호텔,
1418675,코엑스 센터,
6378743,박물관은살아있다 인사동점,
10020529,서울불꽃축제,
3694519,이화 벽화마을,
553246,신촌,
1478599,동대문 쇼핑몰,
1579821,세종대왕 동상,
7154858,아라리오뮤지엄 인 스페이스,
1643534,예술의전당,
7376481,노량진 수산물 도매시장,
8822284,고척스카이돔,
15306289,서울식물원,
13319724,망원시장,
3957040,대한민국 역사 박물관,
3901448,경희대학교 서울캠퍼스,
9796664,커먼그라운드,
8790342,용마랜드,
3822061,IFC 몰,
12034029,에스알티,
592484,충무공 이순신 동상,
4097409,한국 가구 박물관,
4438505,롯데월드 민속박물관,
3901164,롯데아울렛 서울역점,
7891956,가락시장,
553213,서울 대학로,
2457547,동대문 시장 생선구이 골목,
3600495,남산 케이블카,
3531799,전쟁과여성인권박물관,
2483947,홍대난타전용극장,
1821360,청와대 사랑채,
2476788,디큐브시브,
2092468,선유도 공원,
1758805,청와대,
1972734,정동극장,
6570666,이대 패션거리,
3808315,숭례문,
8084014,현대백화점 압구정본점,
3568803,반포대교,
10270564,코엑스,
592521,뮤지엄김치간,
9582584,두타,
12538691,에이피엠 플레이스,
6656809,고려대학교,
4084386,북악산 서울 성곽,
3805639,우표박물관,
1627541,롯데월드 스타 애비뉴,
1383393,동대문 밀리오레,
8822309,롯데 영플라자 명동점,
10288072,디뮤지엄,
592523,용산 가족 공원,
2341922,길상사,
10758285,Statue of Gangnam Style,
9755552,신세계 강남점,
554533,동대문 (흥인지문),
4095502,아이파크몰,
7717516,국립 한글 박물관,
4084362,광희 패션몰,
6680423,한국관광공사 관광안내전시관,
1957485,홍익대학교,
1809989,서울 시립 미술관,
7028432,꿈의 숲,
7622540,정동전망대,
7891686,세종이야기 • 충무공이야기,
592508,국립 서울 현충원,
2293574,서울 광장,
4094809,뚝섬 한강공원 수영장,
1489411,세븐럭카지노 강북힐튼점,
3694405,운현궁,
7264192,응봉산,
6352852,메세나폴리스몰,
14202981,안산자락길,
8769919,한양도성박물관,
11879752,명동지하상가,
11434444,국기원,
1960138,문화역서울 284,
5971975,KBS 온,
4412686,안중근의사 기념관,
2173769,세빛섬,
12202187,경의선숲길,
14192340,아모레퍼시픽미술관,
10479243,백인제가옥,
2303919,절두산 순교 성지,
7028430,양재 시민 공원,
12910217,라뜰리에,
12986884,동대문성곽공원,
9583069,서초관광정보센터,
2015834,파라다이스 카지노 워커힐,
6960656,마리오 아울렛,
3694539,대림 미술관,
6509932,낙산 공공 미술,
2367771,서울풍물시장,
3805483,서대문 자연사 박물관,
2341887,도산 공원,
324951,탑골 공원,
9583000,롯데 피트인,
1972740,세븐럭카지노 강남코엑스점,
2293568,경희궁,
11960625,피규어뮤지엄,
3808299,국립중앙박물관 어린이박물관,
8029067,테지움 서울,
2014599,아차산,
7028448,몽마르뜨 공원,
15693012,K-Style Hub,
7060791,63 스카이 아트,
1761206,서울글로벌문화체험센터,
15051248,한류스타거리,
3805521,서울 정릉,
8121881,갤러리아 백화점 본점,
592507,세종대왕 기념관,
592487,보라매 공원,
13172633,경의선책거리,
13138039,연세대학교 신촌캠퍼스,
11772906,공항철도 트래블 센터,
592483,63 시월드,
10483406,헬로에이피엠,
10020511,하이서울페스티벌,
10813620,서울도서관,
1532473,남평화 상가,
3805427,아름다운 차박물관,
2293590,덕수궁 미술관,
1052311,화폐 금융 박물관,
14771392,퀸마마마켓,
2369065,부엉이 박물관,
7154928,동묘벼룩시장,
3805601,보신각,
13651545,현대카드 뮤직 라이브러리,
8556104,명동관광정보센터,
15634430,해방촌,
3694651,영등포중앙시장,
3197992,국립극장,
2015883,굿모닝시티,
3808256,이태원 앤틱 가구 거리,
3805519,진관사,
15075839,현대시티아울렛,
2571695,와룡 공원,
2428773,회현 지하 상가,
4798710,송파나루공원,
1176552,허준 박물관,
7891676,가든파이브,
2341861,여의도 샛강 생태 공원,
10677413,남산야외식물원,
8749178,평화시장,
14789834,서울상상나라,
1831099,국립국악원,
7353795,북촌 전망대,
12871271,덕수궁 돌담길,
11928572,삼청공원,
2255376,낙산 묘각사,
12928976,DMC홍보관,
1957629,국회 의사당,
4235275,샤롯데 씨어터,
1960133,중앙고등학교 (겨울연가 촬영지),
10253198,서울파이낸스센터,
13412916,쎈토이뮤지엄&쇼룸,
5924658,서울 미술관,
1804662,홍릉 수목원,
8404036,인사동 홍보관 관광안내소,
7891946,서울성공회성당,
10464413,시네코아비밥전용관,
10897838,북악스카이웨이,
632509,화계사,
12339161,잠실종합운동장,
10020510,한성백제문화제,
10720451,종각젊음의거리,
3808303,국립민속박물관 어린이박물관,
592450,농업 박물관,
12841946,롯데콘서트홀,
4094877,충무아트센터,
1862199,명동 서초 불한증막,
12986927,문화비축기지,
7264066,수성동 계곡,
7891943,몽촌토성,
4427670,서울대학교병원 의학박물관,
4095681,장충단공원,
592482,봉원사,
4798698,서울 올림픽 기념관,
1992546,명동밀리오레,
14147296,서울 밤도깨비 야시장,
11879469,동대문지하쇼핑센터,
3805517,태릉,
15272214,마포 농수산물 시장,
7060838,청계천 박물관,
12763399,평화의소녀상,
10376613,망원 한강공원,
14975458,종로타워,
8693245,3D블랙아트 박물관,
13004245,공덕시장,
4094936,나이프갤러리,
2209195,뚝섬 전망문화 콤플렉스 J-Bug,
4095680,낙성대공원,
8724136,북악산,
14957337,피크닉,
11879639,해밀턴,
7154939,청담동 패션 거리,
10897845,북악팔각정,
11879393,눈스퀘어,
592520,마로니에 공원,
11879847,서울 시내버스,
14202347,에스엠 엔터테인먼트 센터,
7892136,배재학당역사박물관,
3805479,독립문,
8121688,충무로 애완동물 거리,
4096226,마포아트센터,
7891918,소마미술관,
14202847,경춘선숲길,
4798717,삼청공원,
8076992,갤러리 현대,
1946087,그랜드 마트,
13436805,김포공항 전망대,
3136733,칠궁,
3805494,이리자 한복전시관,
7891917,약현성당,
15079785,앙카라 공원,
13433251,국제선센터,
11850476,서울창포원,
14202310,화랑대역,
592497,도선사,
6847894,양화진 외국인 선교사 묘원,
2341869,환기 미술관,
14916828,성우이용원,
4095494,육군박물관,
10543181,윤동주 문학관,
3805629,구러시아 공사관,
3808305,연세로,
4427522,서울시립미술관 남서울분관,
10536576,이화벽화마을,
2476657,비보이 시티 인 서울,
9569019,원각사지 10층석탑,
17341223,K현대미술관,
4095657,암사동선사주거지 원시생활전시관,
2519674,서울 애니메이션 센터,
13319719,영천시장,
13169763,올림픽공원 세계평화의문,
4438716,덕수궁 중명전,
8693250,목동종합운동장,
5924188,트릭 월드,
3808276,혜화문 (홍화문),
14956599,종로3가 포장마차거리,
13999912,강남스타일 말춤 무대,
6197433,덕수궁미술관,
4323885,충정로 난타극장,
12238654,롯데몰 은평점,
14135425,종묘광장공원,
3670803,서울대학교 미술관,
7118734,북촌 문화 센터,
7717447,환구단,
14987459,오지엔 이 스포츠 스타디움,
12242525,스트리트뮤지엄,
2269011,문묘,
7892126,대각사,
17382696,봉화산,
4798608,인사아트센터,
592440,사직 공원,
2041644,사춤 시어터,
7891951,엠플라자,
7154877,국립중앙도서관,
7987267,청운공원,
8019604,서대문독립공원,
8449187,한성 백제 박물관,
6876616,서울 석촌동 고분군,
3808298,호림아트센터 신사분관,
15674964,청하고려 인삼박물관,
4094834,갤러리 더 스페이스,
4095486,암사동선사주거지,
14101026,종로 성당,
12499622,백범광장,
3805440,동림매듭박물관,
4095561,숙명여자대학교박물관,
9587015,마포대교,
7891908,국립서울과학관,
9736432,BK성형박물관,
7154849,리틀 도쿄,
592524,육군 사관학교,
592500,옹기 민속 박물관,
13229785,만화의거리 재미로,
4094934,유니버설아트센터,
19776231,KT스퀘어,
14112773,모래내시장,
2269012,동묘,
3808296,창의문 (자하문),
7060833,경인 미술관,
7891838,LG 아트센터,
7891939,선유교,
15512922,경리단길,
9586394,석조전 대한제국역사관,
592502,지구촌 민속 박물관,
16919908,토이키노 장난감 박물관,
7891945,하이브랜드 프리미엄 아울렛,
3805418,떡.부엌살림박물관,
7892447,강남관광정보센터,
14108995,수락산,
15106595,용마폭포공원,
12881807,난지천공원,
4438789,불교중앙박물관,
14774067,석호정,
20045774,기생충박물관,
19434711,안녕인사동,
9719010,독도체험관,
7891934,성곡미술관,
4094871,갤러리위,
7891912,답십리 고미술상가,
3805632,아현동 웨딩드레스거리,
13954612,성내동 쭈꾸미골목,
3805630,숙정문,
7154853,광희동 중앙아시아거리,
3805561,정동교회,
15837736,용산공원갤러리,
4211969,우정총국,
16821795,언더스탠드에비뉴,
9997012,만해 한용운 심우장,
1862195,한국 자수 박물관,
12496146,윤스칼라,
4094815,알파갤러리,
17414698,대오서점,
13172639,서울의 산과 공원,
14021823,와룡묘,
15032110,효창공원,
11850082,북촌한옥지원센터,
6197467,수도국산 달동네박물관,
7891991,디지털파빌리온,
4798567,Kukje Gallery,
3313698,티움,
19188056,돈의문 박물관 마을,
16821676,북한산둘레길,
4095679,사육신공원,
16667341,서울중앙우체국,
3805557,로봇 박물관,
4798677,춘원당한방 박물관,
7891933,갤러리 학고재,
13794376,템플스테이 홍보관,
2341870,쇳대박물관,
12948626,이태원어린이공원,
10210051,누죤,
4798618,The Museum of Photography,
1735171,메사,
17822438,주렁주렁,
3313701,백사실 계곡,
4095671,연세대학교 박물관,
14108530,영락교회,
10686434,구로시장,
4096220,이문체육문화센터,
10130671,학아재미술관,
17450179,서울장미공원,
14064107,Popcond Square,
7987806,서소문공원,
15017010,광나루 한강공원,
3805568,가회민화박물관,
7891673,일민미술관,
4440129,예술의전당 오페라하우스 자유소극장,
7891924,금호미술관,
17547034,잠원한강공원,
3805602,헌릉과 인릉,
8627561,뮤지엄 김치간,
4798583,Gana Art Gallery,
17674351,Gongpyeong Historic Sites Museum,
14975451,동대문역사관,
7353801,손기정 기념관,
17602725,방학천 문화예술거리,
17765148,엔터식스,
4096223,남산타운문화체육센터,
7738848,디보 빌리지,
17642678,전태일 기념관,
13155680,평화의 소녀상,
6197503,백범김구기념관,
7892016,뚝섬 아름다운 나눔장터,
7264189,천주교 순교성지 새남터 기념성당,
9582763,그린월,
592517,토탈 미술관,
8123881,강북 문화정보 도서관,
14112185,신흥시장,
3805580,간송 미술관,
13123227,장충체육관,
7891981,김종영미술관,
15674714,신촌박스퀘어,
12587887,역삼동성당,
12134415,경교장,
18995327,용마산,
3805459,한상수자수박물관,
592441,국립 4.19 민주 묘지,
16657331,이음피움 봉제역사관,
4095498,삼전도비,
17395042,승가사,
10848089,Sungkyunkwan University,
592509,우정 박물관,
7891919,e-스포츠 스타디움,
3805413,국립국악박물관,
14455910,황학정국궁전시관,
17766445,서울특별시교육청과학전시관,
10447913,동대문역사관1398,
10779009,광희문,
4798694,Mokin Museum,
7891834,광진교8번가,
2392950,JN 쇼핑몰,
15187622,솔밭근린공원,
14445951,마천시장,
13860017,북한산영취사,
15032129,달맞이 근린공원,
13956902,사모바위,
16737536,우이신설 도시철도,
15850221,은평역사한옥박물관,
19721898,서소문 성지역사박물관,
14015599,풍납토성,
3349619,세계장신구박물관,
4798630,Seoul Fashion Center,
592518,서울 세관 박물관,
17382680,에버랜드 스피드웨이,
19721908,서울 생활사박물관,
8591663,동양 예술 극장,
12459280,시티스타몰,
12986922,소공지하도상가,
1723779,선인상가,
16855361,하동매실거리,
4798825,Woori Financial Art Hall,
16855391,살곶이다리,
2041647,롯데 월드 예술 극장,
17227558,서울특별시 교육청 정독도서관,
7891907,포스코센터,
7892131,서서울호수공원,
4096206,돈암문화스포츠센터,
3805424,영휘원과 숭인원,
4094846,예화랑,
18919744,홍제천 인공폭포,
19093526,한전아트센터,
15213159,대학로 마루아트홀,
15592744,청담삼익시장,
8262102,심심헌,
4798686,Korean Film Archive,
4798676,Jong Ie Nara Paper Art Museum,
20031551,서촌 세종마을 골목길,
13990280,강풀만화거리,
4095563,Korea Camera Museum,
15745397,바라캇 서울,
19776194,정동1928 아트센터,
4798681,The Korean National Police Heritage Museum,
15198187,석굴암,
7892528,대중음악전시관,
17477375,대림중앙시장,
17547018,이촌한강공원,
13086792,우면산,
4096207,용산구문화체육센터,
8317410,현대원서공원,
4094942,구로아트밸리,
13152142,평화의 소녀상,
13148399,평화의 소녀상,
12145557,아르코미술관,
4798574,Trunk Gallery,
13147833,평화의 소녀상,
17689634,서울교육박물관,
19102907,청운문학도서관,
10625757,Myungsung Presbyterian Church,
7892121,한의약 박물관,
13152119,평화의 소녀상,
19625796,당남리섬,
10686449,남구로시장,
8077234,도봉문화정보도서관,
4427662,분재박물관,
15016407,한강시민공원 광나루수영장,
19886349,평화의소녀상,
16661010,평화의소녀상,
4095581,겸재정선미술관,
15853246,남대문로지하쇼핑센터,
19449203,마장동 먹자골목,
14147985,옥인 교회,
15079467,성균소극장,
8591974,영화사,
15686792,와이즈파크,
3805417,코리아나 화장박물관,
3805419,한국미술박물관,
16661040,평화의소녀상,
14975672,동대문운동장기념관,
18970240,평화의소녀상,
18970249,평화의소녀상,
4438686,강동구립해공도서관,
17450157,망우리공원,
4438687,세곡문화센터,
19449213,창신동 네팔 음식거리,
15603703,삼천사,
3821647,꼭두 박물관,
4094797,갤러리 아라리오 서울,
19782798,전차381호,
12447861,종각지하쇼핑센터,
16661024,평화의소녀상,
3805397,서울대학교 규장각,
4427650,울트라건축박물관,
592492,한국 금융사 박물관,
4094927,Gallery Luminarie,
17412135,보광사,
19243838,종로신진시장,
16656495,푸른수목원,
17426959,법련사,
7272329,호림 박물관 신사 분관,
6941864,서울남산국악당,
7154824,대림 시장,
17477369,영등포근린공원,
20051102,아트뮤제,
7891916,아르코 예술 극장,
14148633,남대문 커뮤니티 라운지,
3957021,북촌 동양 문화 박물관,
17612400,이태원 부군당,
19453158,연화사,
20086120,은평 한옥마을,
4438772,서울특별시 교육연구정보원,
19453151,일감호,
4427620,화정박물관,
4438496,서울아트센터 공평갤러리,
4095620,경운박물관,
17713840,송파관광정보센터,
19055883,다이노스타,
19175142,서울함 공원,
4798598,관훈갤러리,
17450310,서울한방진흥센터,
4427533,한원미술관,
592504,호림 박물관 신림 본관,
15573660,망원정지,
3805584,이화장,
17837293,Seonjeongneung,
12657697,양천향교,
6732940,빛타래,
11879406,인사동관광안내소,
8077812,강남아트홀,
19254790,영동전통시장,
4798827,Olympus Hall,
4438517,웅갤러리,
13155689,평화의 소녀상,
4094957,갤러리 사비나,
3805624,북촌 생활사박물관,
7892033,방학동 도깨비시장,
4095605,박을복자수박물관,
4095656,The Korea Museum of Modern Costume,
12118155,열린극장,
19835159,현대카드 트래블 라이브러리,
10388757,북한산성 방문자센터,
7891913,난지미술창작스튜디오,
4798571,Yoon Gallery,
15101852,몽골타운,
10620641,문정전각갤러리,
4427657,생명과학체험박물관,
4095644,티벳박물관,
3805545,명인박물관,
4427534,플라토,
4068112,Andong Soju Traditional Food Museum,
4094818,Dongduk Art Gallery,
17517431,신림동 순대타운,
20283457,용답 푸르미르 상가시장,
4438706,개포2문화센터,
12673929,소악루,
17689645,홍난파가옥,
17816846,광통교,
4427661,갤러리현대,
17838738,인왕사,
15210009,거여공원,
17527697,일본국제교류기금 서울문화센터,
4094800,공근혜 갤러리,
13151875,평화의 소녀상,
1772732,한국 지역정보 센터,
4067949,아트선재센터,
12847901,마포주민편익시설,
13688351,House of Go Hui-dong,
4095668,산악박물관,
592515,마루존 김치 백화점,
19366663,노들섬,
4094887,Art Center Nabi,
7892011,길동생태공원,
4438637,강북문화예술회관,
4068109,Iron Museum,
7980918,도산 안창호 기념관,
8121809,한국잡지박물관,
3805530,평강 성서유물 박물관,
13553491,종로홍보관,
4094832,Gallery Now,
3805589,서울 의릉,
17517030,장충동 족발골목,
4798570,Deokwon Gallery,
3805398,초전섬유ㆍ퀼트박물관,
4095493,Mongchon Museum of History,
7892561,경희대학교 한의학역사박물관,
13222799,목은선생영당,
4798548,Tiovivo Shindorim Store,
19408763,씨제이 이앤엠센터,
592442,아차산성,
13086721,최규하대통령가옥,
13155667,평화의 소녀상,
13798962,주한중국문화원,
7891989,윤봉길 의사 기념관,
13151759,평화의 소녀상,
4798687,Bona Museum/Gallery,
18185581,Hullyeonwon Park,
4095637,단국대학교석주선기념박물관,
17838732,브이센터,
4068006,Daewonsa Tibet Museum,
13152278,평화의 소녀상,
8449230,나들길,
14450638,호압사,
13152481,평화의 소녀상,
4094840,Moin Gallery,
13147874,평화의 소녀상,
19596031,엔터식스,
8121817,경희대학교 자연사박물관,
13151896,평화의 소녀상,
4095481,The Central Museum of KyungHee University,
4798610,Seoul Olympic Misulgwan,
17689621,천도교 중앙대교당,
10059988,쿡코리언,
12006929,피엘케이 트래블,
3957202,익스클루시브 투어 코리아,
12711631,코리아 지피에스 트래블,
9715906,리얼 이스케이프 첼린지,
8326901,탑코리아투어,
10034340,컬러 오브 코리아 투어,
7788246,오미 요리연구소,
12296021,케이 쿠킹클래스,
12049435,서울이스케이프룸 홍대2호점,
17559786,Hello K Cooking Class,
7264223,원 데이 코리아,
8762077,자넷 쿠킹스튜디오 & 서울 푸드 투어,
3612021,푸드 앤 컬쳐 아카데미,
3257032,젠김치 코리안 푸드 투어,
13222752,정이의 쿠킹 클라스,
12242456,아로마 타이 스파 공덕점,
4504787,디스 이즈 코리아 투어,
10725552,서울이스케이프룸,
17124032,서울이스케이프룸,
6104958,아임유어가이드,
10403831,서울 펍 크롤,
2024045,온고 푸드 커뮤니케이션즈,
12211990,서울헌터즈,
7812641,DMZ 스파이 투어,
10523537,슈퍼 바이크 투어,
7790853,스윗트래블 코리아,
7240298,히어 코리아 트래블,
12997524,더 리얼 서울,
12631806,코리아 타임 투어,
12211979,케이투어스토리,
9796667,트래스코,
4084348,노바랜드 투어스,
12269122,타기 트래블 코리아,
4211970,교보문고 광화문,
12518622,쿠킹 난타,
12516159,앱솔루트 서울 펍 크롤,
12071796,케이밴리모,
6160797,투어스 바이 아론,
6352819,VIP 트래블,
12518697,쿠킹 난타,
6671992,얼티미트 코리아 투어,
2175070,하나 투어 ITC,
6876637,서울앤투어,
6115347,HaB 코리아,
17543635,itseoulgood,
8029083,서울 에스케이프 룸 홍대점,
4492012,서울 씨티 투어,
13412824,GSM테라스,
15130316,아웃도어 코리아,
10278362,서울 푸드 투어,
9796296,실로암 불가마 사우나,
7717393,SM타운 코엑스아티움,
12442855,서울 프라이빗 드라이버,
7812651,딜렉터블 트래블스,
12863986,케이메모리즈,
12222328,위 사이클 코리아,
18976986,Withlocals.com Private Tours in Seoul,
15117039,위 라이드,
10253186,라인프렌즈 플래그십 스토어 명동역점,
3399694,점프! 코믹 무술 퍼포먼스,
16766349,투데이즈 프렌드,
1766551,쌈지길,
1552247,강남 지하상가,
5287781,통인시장,
17413786,City Unscripted Seoul,
17451018,Capture Korea,
11850305,DMZ 투어,
7622574,가스트로 투어 서울,
8630492,아띠인력거,
8264698,Korean Tour Guide,
17567335,YGC KOREA TRAVEL,
1537022,동대문 시장,
15872400,서울 라이딩,
12094746,삼삼오오 한복 북촌한옥마을점,
1761093,이랜드크루즈,
10720490,마이 서울 트립,
12856068,유진의 키친,
7149661,캣 카페 고양이 놀이터,
12516137,에이치엠케이트레블 (힐링모먼코리아),
3164511,비지트 서울,
7717415,서울 프리 워킹 투어,
11626657,사계절 쿠킹 클래스,
2546636,코리도어 투어,
7154839,삼성 딜라이트,
16657338,안녕한복,
1960130,메가박스 코엑스몰점,
10312874,코리얼트립,
12335261,카카오프렌즈 홍대 플래그십 스토어,
2194650,코리아 프라이베이트 투어,
13549706,런닝맨 인사동점,
12171348,더 술 컴파니,
1383392,신라면세점,
17435486,씨크릿 푸드 투어 서울,
7376484,레비쉬 스파,
15838124,Korealinx  Corporation,
2341867,세종 문화 회관,
14093826,Unni Tour,
1847008,압구정 로데오 거리,
14965598,버딩 코리아,
1962592,경동시장,
6494450,익사이팅 코리아,
7289668,프린세스다이어리 이대점,
2690763,블루 스퀘어,
10836519,라인 프렌즈 플래그십 스토어 가로수길점,
9715913,크레이트 웰네스,
15287562,Bergen travel,
12019645,삼삼오오 한복 경복궁점,
11854319,한복남,
4412980,CGV 용산,
7028449,관악산,
7954578,CGV 왕십리,
4096021,드래곤힐스파,
2367750,서울약령시장,
12442857,KAL 리무진,
9796881,인디웨이(주),
5036258,우드스탁,
11977589,꽃같은한복,
12416134,풋볼팬타지움,
6570657,코리아 투어 플래너,
4412976,CGV 영등포,
3821608,뮤지컬 셰프,
8809870,미티어 청소년 자원 봉사 클럽,
4153944,이투어리즘,
1862206,올댓재즈,
9770127,소반 코리안 쿠킹클래스,
7717515,나무 코리아 트래블,
1310700,명동 실탄 사격장,
7154845,양재동 화훼공판장,
5302822,코스모진 투어,
12430142,쿠킹 난타,
7154860,에이랜드,
1579808,롯데 면세점 본점,
8394130,스파 지 명동점,
7115963,믹스 & 몰트,
7028452,도봉산,
15791799,SA Seoul,
6628646,클라이브,
3581554,동화 면세점,
23443315,LIFEKOREA,
2358658,서울 어반 애드벤처즈,
8630566,다이나믹 메이즈,
9996738,르챔버,
10000516,파이어맨,
10049748,2s 압구정,
17740607,WuTang Photographer,
19858692,COLOR POOL MUSEUM,
2149778,샐리 투어,
4438770,롯데시네마 롯데월드,
2571703,스파렉스 동대문점,
2258763,창신동 문구 완구 거리,
3505527,중앙고속관광,
6671985,페인터즈 히어로,
2049240,드럼캣,
1594557,킴즈 클럽,
12997639,남산서울타워 한복문화체험관,
11909675,VIP 트랜스퍼스 코리아,
12538718,생활창작가게 KEY,
16828657,코카,
2358920,국제문화써비스클럽,
3295622,더 스파 그랜드 하얏트 서울,
9754973,원데이 한복,
17367077,아크앤북,
17711502,Canyoning Korea,
6622674,더놀자투어,
6197468,메가박스 강남,
13832385,Beautiful Korea Tour,
3191643,판타스틱,
10210040,MBC 월드,
7061496,인사동 한증막,
6473868,오케이 퐁퐁,
12123602,프로방스 스파 바이 록시땅,
7812762,고관한복촬영소 명동점,
4412885,씨랄라,
5924606,키자니아 서울,
7644083,스파 1899 동인비,
18218165,KOREA TOUR (DMZ TOUR),
18709137,US Travel,
7154940,방산 종합시장,
11680494,윈터프렌드,
11909619,에덴악세사리,
13306492,블랙링크,
15016949,아이엔티스튜디오,
15674885,명동 고양이다락방,
8121737,골목바이닐앤펍,
2341883,명동 예술 극장,
2206523,서울 마리나 클럽 & 요트,
12153017,인사이츠코리아,
23176861,Honey Trail,
8403745,한국의 집,
19882437,Sunny's Dining,
2341876,KT&G 상상마당,
3855874,서울 김치 체험관,
19424780,Jay Choi,
15233789,Joy Tour Korea,
10253067,전통주갤러리,
13910437,리얼야구존 홍대점,
4414000,번,
14911731,서울패스,
9736276,더 소울 오브 서울 투어,
8120410,메가박스 목동,
1644461,미조 에스떼 살롱,
4750302,CGV 청담 씨네시티,
13412899,헬로키티아일랜드 in N서울타워,
16812172,신천 마사지/ 아델 힐링타이,
12829930,SJI투어,
5512612,낙원 악기 상가,
7028435,월드컵 공원,
13818996,Savile Row: Custom Tailor,
14920114,대둔산 & 클라우드 브릿지 어드벤처,
6941943,CGV 목동,
8121601,Asuca,
11909674,인터내셔널택시,
6592032,동대문 문구거리,
4438693,CGV 명동역,
8630218,맷오흐께,
7644082,헤라,
12986896,베톤부르트 : 콘크리트바,
2321641,큐 스파 앤 클리닉,
16154276,광장 시장 푸드 투어,
8394143,설화수 스파,
3727477,스파 레이,
6208177,퍼피 스푼,
4438728,씨네큐브 광화문,
1648950,스파렉스 불한증막 사우나,
10211681,스매싱볼,
10000108,동대문종합시장,
14450681,바인웍스,
7154906,10 꼬르소 꼬모,
10523465,롯데시네마 김포공항,
12547120,소프 서울,
18314955,DELISH KOREA,
4438740,대한극장,
15562792,Rakkojae Korean Cultural Heritage Tour,
12416162,코리아트래블이지,
10196925,레솔베르 시가샵 & 시가라운지,
18454685,Agarbatti DIY skin care shop,
3568800,강변 테크노 마트,
1643499,서울 시티 투어 버스,
13199086,워터킹덤 송파파크하비오점,
12956039,터치포트립,
10523458,롯데시네마 건대입구,
9996716,세운 전자상가,
8822267,마익스 케빈,
7939709,플랜스,
7061421,카페개네 명동,
15107506,클라시코,
14987402,비욘드 서울,
4413753,더 스파 인 가든파이브,
3600489,설화수 스파,
19906691,링고라벨,
7891794,종로 귀금속 거리,
6384264,Kim's Travel,
15873323,WONDER TRIP INC.,
17738028,Denny Yu,
19455202,Asni Global- South Korea,
4439211,두산아트센터 연강홀,
8055864,인사동 마루,
6208174,CGV 명동,
11804696,한국사찰음식문화체험관,
9755439,CGV 여의도,
6494502,불코 투어,
14206391,팬시스튜디오,
14135911,천호동 로데오거리,
12661660,코리아 스크터 투어 by SYM 강남,
10523505,롯데시네마 월드타워,
7264206,뱀부테라피,
4798663,Megabox Coex,
3727478,와우코리아투어,
13412841,한복소녀,
4798672,CGV 압구정점,
17450189,네츄럴타이스파,
13378149,네츄럴타이스파,
14206450,브이알존,
13225637,Discover Seoul Tours,
11913803,잔쿠라 아트스페이스,
15125283,더연카페 & 바,
16843805,Tourmaker,
14202209,수향,
14975440,카카오프렌즈 스토어,
10750128,엔비투,
3191634,청와대 투어,
12392420,Traveling Spoon,
8077282,서울 극장,
10130690,메가박스 아트나인,
9569012,클럽 베라,
8673315,반얀 트리 스파,
19588599,best tour services in korea,
8317403,황금스파,
7028450,불암산,
12492112,그날그한복 북촌점,
10475665,비트포비아 신논현,
10523451,롯데시네마 가산디지털,
20390691,Come NC Korea,
13822998,라인프렌즈,
12609662,로드,
19917895,Korea by local(코리아바이로컬),
4778390,Eunnamu,
4095439,명가,
19463324,Kris Lim,
10188628,플라이투더스카이,
18762837,Tour Specialists with Cameras,
19420215,절권도 트레이닝 스튜디오,
6622684,압구정 스파,
19030465,bar Cham,
12362849,플레이플래닛,
13292936,벨르테라피,
16857801,JJ Travel Korea,
17412114,때때롯살롱,
14889600,파우스트 탄즈바,
17414693,스파 디어오가닉,
8627407,고 트래블 코리아,
14789799,이화교복,
7987210,롯데시네마 누리꿈관,
1537024,페라라 코리아,
12149627,옐로우자켓 뮤직바,
15116668,노리한복,
6876592,한복 카페,
554581,한국관광명품점,
17623567,서울책보고,
4412968,CGV 구로,
1996351,드림 코스메,
8870945,타요 키즈카페 은평뉴타운점,
16699758,VR스테이션,
13947723,여행친구유유,
17386321,엠에스엠알,
10197190,팀맥스어드벤처,
17614915,Colorant Makeup Studio,
17607238,공항리무진,
12931281,SM면세점 서울점,
4439009,파라곤스파,
13861768,누구나 교복렌탈,
21075145,Hallyu Trail,
14916601,설악산 트레킹 어드벤처,
18728160,koreaguidetour,
1977051,해피데이스파 홍대점,
13545628,K팬 투어,
2269010,숲속 한방 랜드,
4095206,유니온볼링장,
7906207,족도 마사지,
12918374,인스파,
19837320,더블에잇,
19041922,도담효소찜질,
19604693,Budapest Cafe,
10792065,레인보우,
19139081,굿모닝 약손마사지,
2209171,커피 방앗간,
16805168,Capcoree,
18141806,YATA(You Are Traveling Artists),
15201845,에로스사주카페,
17759330,SEOUL ESCAPE ROOM(서울이스케이프룸),
10074036,CGV Shinchon Artreon,
14202891,아더에러,
10523488,롯데시네마 영등포,
12453670,디 오리엔탈,
7987207,롯데시네마 홍대입구점,
13276315,코쿤,
10196899,배추투어,
4778401,YH.KIM,
10523436,CGV 홍대,
14961078,브이알존 엑스,
3166419,비보이를 사랑한 발레리나,
13476198,올가미 이스케이프,
12643763,오늘도 고양이,
12335274,클럽 보니따 서울,
4095949,쉐르빌사우나,
11667369,오아시스,
14920138,내장산 파라다이스 공원 & 단풍 체험 관광,
11850436,부기우기,
14997020,룸 익스케이프,
17382621,서울둘레길,
6904745,준 타이 마사지,
18970042,암사종합시장,
14202921,마미블루,
7891942,동대문 헌책방 거리,
4438489,송은 아트스페이스,
12937665,De La Mano,
9795152,락스타클라이밍 송파,
19507012,뉴뉴 악세사리,
4798670,CGV Gangdong,
6491635,썬버스트 투어,
4095512,메가박스 신촌,
12812943,리얼야구존 이태원점,
4096211,삐에로 스트라이크,
17754041,스피크이지,
17653794,시공간,
17596455,난다 타이 마사지,
4438461,아트선재센터,
8077487,삼호 궁전 사우나,
12698344,풍월당,
12335291,호텔드코드,
2000544,디자이너 클럽,
4438831,동숭아트센터,
11693284,그랑핸드는,
12231697,인사동 마사지,
12881823,명동황금사우나,
12411253,더왜그클럽,
6197548,코오롱스포렉스,
4439178,창동문화체육센터,
4438692,CGV 군자점,
8822293,오디씨 투어,
7683286,우리유황온천,
15128672,클럽 에프에프,
12876341,아트하우스 모모,
3531813,마콘도,
10440340,서울세그웨이,
10523501,롯데시네마 용산,
2014608,이 패밀리의 만끽 서울 투어,
6876678,약손명가 명동점,
23372787,Trinity Club,
21302670,City Sightseeing Seoul,
12860048,스파더엘,
23181662,Elife Limo,
7154930,일요 필리핀 시장,
7717518,서울 전통 문화 체험관,
15758044,제이앤제이슨,
11816486,메이드인퐁당,
7161462,두산아트센터,
21349097,Kp 갤러리,
4798651,Samsung Leports Center,
8024704,더 케이 익스트림 홀리데이즈,
4095300,한남볼링센타,
4798664,CGV Daehangno,
14147286,항동철길,
14449590,젠틀몬스터 패러럴,
12918407,도령아씨 한복대여전문점,
7891932,문정동 로데오거리,
20381783,남대문 실탄사격장,
20163552,Lollipop Tour Korea,
19990392,평화의 소녀상,
14206401,지엔퍼퓸,
20309519,카카오프렌즈,
20313617,Bar SookHee,
17454264,Cottage Garden Board-game & Crime-scene,
20056469,Indigo travel,
15816287,골든블루마리나,
17582634,Hanbok That Day,
19984164,클럽 플렉스,
15232923,KING STUDIO,
17639965,hanbokdan,
19835096,더 모먼트,
19459593,OHUI&WHOOSPA,
19759099,Arari,
8118540,호쿠토시치세이,
19691010,콜핑,
18717935,서촌차고,
16939734,ZTAGETours,
7987112,월드사우나24시찜질방,
12661711,한복남 창경궁점,
7891961,회현 중고 LP 상가,
15227312,Korea DMC Tour,
17737367,Behigh Seoul Party,
13169723,JW스파,
7306122,아이 러브 서울 투어,
19408480,홍대 펀펀슬라임&폰데코,
19377848,코로비아,
19086112,댄,
19215124,어썸언더바,
17337768,이도,
17825638,교복몰,
17826255,교복몰,
18939696,만족마사지,
18933398,피스틸,
4798665,Seoul International Women's Film Festival,
17815030,DMZ WATCHERS TOURS,
12711649,오휘스파 논현,
17322772,뷰티인사이드,
13545570,티파니스킨,
1409355,동명사,
16737533,쑥뜸명가,
17571030,foodieon,
4778393,Myeong Dong Mud,
21261647,142-3 Sejongno Jongno-gu Seoul South Korea,
13378140,포시즌스 스파,
11928355,PLK 트라벨,
1996344,휴고 스파,
17423894,엘림피부경락,
17383647,아씨방앗간,
16821800,리모투어,
4439137,피부를 사랑하는 사람들,
7931021,이츠미 포토 스튜디오,
13343364,락휴코인노래연습장 건대점,
15886968,Movigo <K-drama Locations & Photoshoot Trip>,
16711511,지지배배 한복,
16850758,보바베어,
12158214,더 소울 바이 제스,
16732692,벤자롱스파,
14767644,스트레치 엔젤스 가로수길 플래그쉽 스토어,
8024705,종이나무 갤러리,
8404026,니희,
8404018,장지방,
4439122,미플 2001아울렛불광점,
10035312,After Dark,
12118168,서화한복,
15527732,돔골프,
13378137,달팡 시그니처 스파,
15357710,가인볼링장,
13142002,브레이크아웃 이스케이프 홍대본점,
14969284,서촌나들이 한복 경복궁역점,
10821726,리얼케이팝댄스,
15079389,프렌드01,
15097659,하나,
15097619,골프존파크,
15017074,이본느모건,
4438595,우이볼링장,
9601952,투캣츠,
15028931,제이와이디디엠,
13954672,박스스튜디오,
2571700,비트 플렉스,
10750104,클럽 앤써,
14861028,와이낫,
14135475,아이뽀,
13378150,브이스파,
13944043,더 텐트,
7115967,헐리우드 그릴,
11952471,헤이라이더,
14148863,플레이즈 라운지,
14065673,Bar 31B,
13968712,사물놀이 한울림,
10523427,CGV 상암,
13833019,스타한복,
7161441,아시아뷰티,
11885305,마익스케빈신촌,
13436433,브이알존,
13343317,폼폼페이퍼,
7244484,풋앤비타,
13172652,스타24시 동네볼링장,
13172693,고운솔한복대여 북촌점,
13172648,브이알존 홍대점,
8120409,씨네코드 선재,
10069844,서울 메이트,
11964990,클럽 디스타,
12711571,위드램,
12832222,판타스틱 엠,
12817123,프리징 아일랜드,
2483960,수수보리 아카데미,
2069143,남인사 마당,
12338061,숲속한방랜드,
12289401,천국한증막,
4438550,성대 볼링장,
8317327,국일관,
12134393,고요서사,
7943119,강북볼링센타,
15075669,킴스부띠끄,
11997983,성수불막사우나,
21300803,한신옹기,
4440122,약손119마사지,
11693704,몽키비치 서울,
17325564,중부내륙순환열차(O-트레인),
10794868,바이크 오아시스 서울,
4439027,삼모스포렉스,
23195534,더 현대 서울,
10513915,카투어,
23261267,박노수미술관,
4438917,골든사우나,
7269142,고관한복촬영소 홍대점,
10148832,바른마사지마마,
6197518,수정탕,
21344270,그라운드시소 서촌,
9751258,클럽 알엠디,
8677682,동이투어,
18995353,새마을 전통시장,
18544171,식민지역사박물관,
21279411,열정도 거리,
7892118,오리지널 드로잉쇼 전용관,
8029090,Code Escape Gangnam,
6931015,Cheong Wa Dae Shuttle Bus,
8743629,막걸리 마마스 앤 파파스,
8591431,더 방갈로,
17450168,중랑동부시장,
20899624,Minglecup,
12242461,시암타이마사지,
13123216,인현시장,
20871351,스페셜박스 코인노래연습장,
20813486,중랑천,
20717941,둔촌역 전통시장,
20368866,허밍웨이길,
20324295,장미제일시장,
20363872,종각역 태양의 정원,
20359027,일자산 자연공원,
20309532,청계천 판잣집 체험관,
20253974,와이낫,
6197431,갤러리가이아,
21067239,Questo Seoul Tours & City Games,
18892234,조니 워커 하우스,
19501708,골든크라운크로스핏,
19434517,바비펫,
19354443,골프포트숯가마찜질방,
19306786,프리메라,
18314371,SG Entertainment,
13430007,브이알존 강남점,
17477419,라 끌레,
17463502,후지필름스튜디오,
4438480,현대화랑,
6941859,나비 에스테틱 논현점,
4095999,중계스파밸리,
17130992,찰스 에이치.,
1644446,명동 머드 한증막,
15689122,히트VR,
15675083,재즈잇업,
15051512,명동 머드 사우나,
4439115,미플 이마트천호점,
15028981,츄,
14941980,죠르노벤띠,
7115962,바 마리오,
13378143,콘래드 스파,
12675822,바우하우스,
13123380,아임그린 떡케이크하우스,
14075050,스파 더 정,
4095552,허리우드극장,
12681111,CGV 강변,
12869139,롯데시네마 가양점,
4798782,Happy Day Spa,
4798779,River Sauna,
4778403,YH.KIM,
2626389,약손명가 본점,
6620070,롯데카드 아트센터,
4095838,Utopia Spa,
4439150,끌리오뷰티,
4798631,Namyoeng Bowling Center,
10049943,타이 팰리스,
4438774,스폰지하우스,
8077468,잠실수양불한증막,
8077268,잠실 자동차 극장,
7980869,메가박스 별내점,
4095955,올림피아 사우나,
4095240,Kokkiri Bowlingjang,
1996339,Soo Bone,
8598772,오투 바디앤풋,
1847862,카페 유후인,
4778385,소리하나,
4438482,단성갤러리,
7043516,히마와리 마사지 & 카페,
6464378,오미야게 천국,
1395760,Show Am 7,
1367400,우 마사지,
10750126,클럽 옥타곤,
6570710,용산 전자상가,
7892439,한국문화의집 코우스,
9755562,동대문마사지,
4095857,봉일스파랜드,
10523515,롯데시네마 합정,
4798783,강변스파랜드,
4095716,얼짱몸짱 이수점,
8077801,롯데 불한증막 사우나,
17662836,썸띵,
19866130,역삼(이층)맥주창고,
4439163,통미플 홈플러스방학점,
4438841,씨앤미스파밸리,
4087575,당진시네마,
4798650,CGV Mia Store,
4798660,CGV Gonghang Store,
7950969,길동 볼링장,
7951018,신세계아카데미본점,
7943314,보스턴볼링장,
12175208,청색종이,
14450625,에스제이와이피,
15675058,넷마블스토어,
18454044,랄라블라,
18420330,아리따움 라이브,
18421186,CU,
17450201,공릉동 도깨비시장,
19188077,지에스25,
19175242,지에스25,
19188101,지에스25,
20324285,서울중앙시장,
19354456,개화산랜드,
10523519,롯데시네마 홍대입구,
8077776,신촌 불한증막,
21498956,한양도성 유적전시관,
21409063,서울역 옥상정원,
4095846,관악프라자,
4096047,Jeonggeon Sauna,
4096031,백록담사우나,
4083206,Happy Day Gym,
4009723,드림 배쓰,
4096086,목동헬스대중사우나,
4438456,갤러리호,
13395814,뱀파이어 홍대,
9755474,CGV 하계,
3295619,겔랑 스파,
13123444,브이알존 시네마 가로수길점,
4438604,석촌볼링장,
2067901,뷰티플렉스 명동,
10750143,클럽 엠투,
4438734,63 아이맥스,
10523474,롯데시네마 에비뉴엘,
4439170,얼짱몸짱,
12910831,My Boss is Watching,
10523424,CGV 신도림,
17352700,Hongkart,
14207690,팁시래빗츠,
16812155,인터파크 VR,
4440101,주양보석불가마사우나,
4095801,한성보석사우나,
15698922,더풋샵,
14101028,스파 어바인,
4438563,성신볼링장,
12948695,메가박스 송파 파크하비오,
19976966,가산카메라,
8630239,K 리그 오피셜 스토어,
8121847,월드컵 스파랜드 24,
4439101,국제디지털사진관,
10523467,롯데시네마 브로드웨이,
14007706,평화열차,
7891963,목동 로데오거리,
8093303,마르지아힐링스파 청담점,
15272199,이태원 클럽 무브,
7812656,오투,
7161439,청하 플러스,
9586997,풍림24시불가마사우나,
1815320,한강 사우나,
4095471,동영휘트니스클럽,
16643757,Paradise Tour,
15079448,한솔요리학원,
8822333,윤해영 한복,
4438738,탐라랜드,
10366105,비트 포비아 홍대,
14789680,SA 투어,
8368653,브릭스,
10278591,제일 자수정,
8874888,황족마사지,
13225958,맹쿤 라쿤카페,
17826089,교복몰,
10253217,엔비다이버스,
12094788,워킹코리아투어,
3373008,커피프린스 1호점,
8737671,서울 타이거 버스,
8055823,모모 투어,
5287494,소울 트레인 빈티지 뮤직 라운지,
17454870,바이레도 서울,
11742397,우리건강연구소,
17343360,YELLOW BALLOON CITY BUS,
14932710,클럽 페이스,
19737099,Club Local,
15654491,클럽롤리 이태원,
17596398,미어캣 프랜즈,
4731331,클럽 매스,
12593087,삼청로146,
10784838,두코리아투데이 투어,
3727476,천지연,